{
    "STS12": {
        "MSRpar": {
            "pearson": [
                0.1647581200853844,
                5.744220889427304e-06
            ],
            "spearman": [
                0.16630968609704255,
                4.674135973458197e-06
            ],
            "nsamples": 750
        },
        "MSRvid": {
            "pearson": [
                0.1099770315412199,
                0.002561549133307038
            ],
            "spearman": [
                0.10702053606035607,
                0.003341706179883583
            ],
            "nsamples": 750
        },
        "SMTeuroparl": {
            "pearson": [
                0.31409694446353525,
                5.738854743363543e-12
            ],
            "spearman": [
                0.4323156109768566,
                2.5130844282547523e-22
            ],
            "nsamples": 459
        },
        "surprise.OnWN": {
            "pearson": [
                0.12992791364389691,
                0.0003605138549893021
            ],
            "spearman": [
                0.14585479878976712,
                6.092622600354086e-05
            ],
            "nsamples": 750
        },
        "surprise.SMTnews": {
            "pearson": [
                0.3453651705494605,
                1.279070483221173e-12
            ],
            "spearman": [
                0.2975834269942099,
                1.332029700749274e-09
            ],
            "nsamples": 399
        },
        "all": {
            "pearson": {
                "mean": 0.2128250360566994,
                "wmean": 0.1883746780923016
            },
            "spearman": {
                "mean": 0.22981681178364646,
                "wmean": 0.20320380261243284
            }
        }
    },
    "STS13": {
        "FNWN": {
            "pearson": [
                0.14378212386171849,
                0.04840081088645062
            ],
            "spearman": [
                0.12992885700104376,
                0.0747593669196718
            ],
            "nsamples": 189
        },
        "headlines": {
            "pearson": [
                0.2785342458898759,
                7.87839813408047e-15
            ],
            "spearman": [
                0.26650234655034377,
                1.1631647141437302e-13
            ],
            "nsamples": 750
        },
        "OnWN": {
            "pearson": [
                0.14453608580191796,
                0.0005951574462858662
            ],
            "spearman": [
                0.16243175597614853,
                0.00011137238833826328
            ],
            "nsamples": 561
        },
        "all": {
            "pearson": {
                "mean": 0.18895081851783746,
                "wmean": 0.2114401666414318
            },
            "spearman": {
                "mean": 0.18628765317584536,
                "wmean": 0.21037168599238293
            }
        }
    },
    "STS14": {
        "deft-forum": {
            "pearson": [
                0.04036208571965686,
                0.3930075647962205
            ],
            "spearman": [
                0.038831705568828055,
                0.4112113755054523
            ],
            "nsamples": 450
        },
        "deft-news": {
            "pearson": [
                0.22151990944984615,
                0.00010928489149967899
            ],
            "spearman": [
                0.20304508802741794,
                0.0004014965233782806
            ],
            "nsamples": 300
        },
        "headlines": {
            "pearson": [
                0.27058351491565075,
                4.7376828273865425e-14
            ],
            "spearman": [
                0.24261057133553318,
                1.6512940883942038e-11
            ],
            "nsamples": 750
        },
        "images": {
            "pearson": [
                0.09297438448834643,
                0.010850368027662923
            ],
            "spearman": [
                0.09429444365320583,
                0.009771517918699296
            ],
            "nsamples": 750
        },
        "OnWN": {
            "pearson": [
                0.28282963282610735,
                2.9164210623256704e-15
            ],
            "spearman": [
                0.3015458807530424,
                3.128217171609119e-17
            ],
            "nsamples": 750
        },
        "tweet-news": {
            "pearson": [
                0.2685808715785786,
                7.375778394903199e-14
            ],
            "spearman": [
                0.277968413568727,
                8.968730355020996e-15
            ],
            "nsamples": 750
        },
        "all": {
            "pearson": {
                "mean": 0.196141733163031,
                "wmean": 0.20555872380408316
            },
            "spearman": {
                "mean": 0.19304935048445906,
                "wmean": 0.20418727357255448
            }
        }
    },
    "STS15": {
        "answers-forums": {
            "pearson": [
                0.07901535455177722,
                0.12665997296127673
            ],
            "spearman": [
                0.0805721174233024,
                0.1193288726289023
            ],
            "nsamples": 375
        },
        "answers-students": {
            "pearson": [
                0.27766057844199965,
                9.62281227612543e-15
            ],
            "spearman": [
                0.2857418537189681,
                1.4721236460705563e-15
            ],
            "nsamples": 750
        },
        "belief": {
            "pearson": [
                0.08819408454591657,
                0.08810230010361193
            ],
            "spearman": [
                0.10084868739670405,
                0.05101135967253293
            ],
            "nsamples": 375
        },
        "headlines": {
            "pearson": [
                0.3152333953051356,
                9.143082923497716e-19
            ],
            "spearman": [
                0.30505438285496755,
                1.2873663665180038e-17
            ],
            "nsamples": 750
        },
        "images": {
            "pearson": [
                0.13297664288745956,
                0.00026033681730105773
            ],
            "spearman": [
                0.13010418662040338,
                0.00035385822052320834
            ],
            "nsamples": 750
        },
        "all": {
            "pearson": {
                "mean": 0.17861601114645773,
                "wmean": 0.2023688340458604
            },
            "spearman": {
                "mean": 0.18046424560286908,
                "wmean": 0.20290270640108557
            }
        }
    },
    "STS16": {
        "answer-answer": {
            "pearson": [
                0.14048301402421556,
                0.02515576603786274
            ],
            "spearman": [
                0.13178009931008527,
                0.03581403696598325
            ],
            "nsamples": 254
        },
        "headlines": {
            "pearson": [
                0.36764795735823186,
                2.190033282274001e-09
            ],
            "spearman": [
                0.35904359876622205,
                5.452114355315467e-09
            ],
            "nsamples": 249
        },
        "plagiarism": {
            "pearson": [
                0.4039283891959225,
                1.9423986650551484e-10
            ],
            "spearman": [
                0.43495679157161204,
                4.934419661833017e-12
            ],
            "nsamples": 230
        },
        "postediting": {
            "pearson": [
                0.3297437233469103,
                1.3456703055262075e-07
            ],
            "spearman": [
                0.2942704095073634,
                2.910779730653642e-06
            ],
            "nsamples": 244
        },