{
  "STS12": {
    "MSRpar": {
      "pearson": [
        0.14339181952794008,
        8.12175364752944e-05
      ],
      "spearman": [
        0.15862473588627196,
        1.2739417189980378e-05
      ],
      "nsamples": 750
    },
    "MSRvid": {
      "pearson": [
        0.3116324341618098,
        2.3580192109711013e-18
      ],
      "spearman": [
        0.31197220227264333,
        2.1575713281864878e-18
      ],
      "nsamples": 750
    },
    "SMTeuroparl": {
      "pearson": [
        0.2190902643261376,
        2.15043966247489e-06
      ],
      "spearman": [
        0.2792349024451053,
        1.1461490983897148e-09
      ],
      "nsamples": 459
    },
    "surprise.OnWN": {
      "pearson": [
        0.08883836638181267,
        0.01494561070630489
      ],
      "spearman": [
        0.07087831053523162,
        0.05234499320807342
      ],
      "nsamples": 750
    },
    "surprise.SMTnews": {
      "pearson": [
        0.3811568708998263,
        3.033641071286834e-15
      ],
      "spearman": [
        0.3778503473924348,
        5.474967057482005e-15
      ],
      "nsamples": 399
    },
    "all": {
      "pearson": {
        "mean": 0.22882195105950526,
        "wmean": 0.212529275375933
      },
      "spearman": {
        "mean": 0.2397120997063374,
        "wmean": 0.22041105062821587
      }
    }
  },
  "STS13": {
    "FNWN": {
      "pearson": [
        0.18964895333575066,
        0.008956521138953967
      ],
      "spearman": [
        0.19049211875545935,
        0.008650994998458157
      ],
      "nsamples": 189
    },
    "headlines": {
      "pearson": [
        0.3165874701227552,
        6.38133429367652e-19
      ],
      "spearman": [
        0.3116637202448481,
        2.338819766964148e-18
      ],
      "nsamples": 750
    },
    "OnWN": {
      "pearson": [
        0.20428320746849174,
        1.0646736098158215e-06
      ],
      "spearman": [
        0.1791102332215441,
        1.9776595271555767e-05
      ],
      "nsamples": 561
    },
    "all": {
      "pearson": {
        "mean": 0.23683987697566586,
        "wmean": 0.2585914227748981
      },
      "spearman": {
        "mean": 0.2270886907406172,
        "wmean": 0.24682109431046942
      }
    }
  },
  "STS14": {
    "deft-forum": {
      "pearson": [
        0.06836745715011149,
        0.14763002002115214
      ],
      "spearman": [
        0.0807328806495654,
        0.08714889693002018
      ],
      "nsamples": 450
    },
    "deft-news": {
      "pearson": [
        0.20581979223620725,
        0.00033256518728201287
      ],
      "spearman": [
        0.19597661555229318,
        0.0006415708398657155
      ],
      "nsamples": 300
    },
    "headlines": {
      "pearson": [
        0.3798844757855572,
        3.696226579779079e-27
      ],
      "spearman": [
        0.35587801090439963,
        8.207811010841566e-24
      ],
      "nsamples": 750
    },
    "images": {
      "pearson": [
        0.11850572976312669,
        0.0011481237241544387
      ],
      "spearman": [
        0.09537884020567058,
        0.00895778530636361
      ],
      "nsamples": 750
    },
    "OnWN": {
      "pearson": [
        0.22351423540805185,
        6.037449089667836e-10
      ],
      "spearman": [
        0.21309231936759981,
        3.772693574689849e-09
      ],
      "nsamples": 750
    },
    "tweet-news": {
      "pearson": [
        0.22294768614236365,
        6.685628788726551e-10
      ],
      "spearman": [
        0.24798028291826582,
        5.667848415545853e-12
      ],
      "nsamples": 750
    },
    "all": {
      "pearson": {
        "mean": 0.20317322941423635,
        "wmean": 0.21364010365672984
      },
      "spearman": {
        "mean": 0.19817315826629908,
        "wmean": 0.20783196560131847
      }
    }
  },
  "STS15": {
    "answers-forums": {
      "pearson": [
        0.05872395696859969,
        0.2566405243444075
      ],
      "spearman": [
        0.051801477571423934,
        0.3170907434940495
      ],
      "nsamples": 375
    },
    "answers-students": {
      "pearson": [
        0.18056691407084108,
        6.432699721738922e-07
      ],
      "spearman": [
        0.1658309825963429,
        4.982087044319336e-06
      ],
      "nsamples": 750
    },
    "belief": {
      "pearson": [
        0.07871207610416962,
        0.12812798375710746
      ],
      "spearman": [
        0.06851608660969609,
        0.1855246043222743
      ],
      "nsamples": 375
    },
    "headlines": {
      "pearson": [
        0.35875833787065126,
        3.3691872996962935e-24
      ],
      "spearman": [
        0.3482935906892609,
        8.196672291532253e-23
      ],
      "nsamples": 750
    },
    "images": {
      "pearson": [
        0.17619030330198002,
        1.2029389305464656e-06
      ],
      "spearman": [
        0.1620565211758003,
        8.187831921126978e-06
      ],
      "nsamples": 750
    },
    "all": {
      "pearson": {
        "mean": 0.17059031766324834,
        "wmean": 0.19605839294496422
      },
      "spearman": {
        "mean": 0.1592997317285048,
        "wmean": 0.18408496913799105
      }
    }
  },
  "STS16": {
    "answer-answer": {
      "pearson": [
        0.08537804082145325,
        0.17495014053588945
      ],
      "spearman": [
        0.08947996561588824,
        0.15505652469280215
      ],
      "nsamples": 254
    },
    "headlines": {
      "pearson": [
        0.3981929174950694,
        6.866877548988433e-11
      ],
      "spearman": [
        0.39240341799197664,
        1.3607891437383186e-10
      ],
      "nsamples": 249
    },
    "plagiarism": {
      "pearson": [
        0.3486948576344365,
        5.6096002159514134e-08
      ],
      "spearman": [
        0.36959306200810954,
        7.443659667955406e-09
      ],
      "nsamples": 230
    },
    "postediting": {
      "pearson": [
        0.350378180727373,
        1.8628531770794298e-08
      ],
      "spearman": [
        0.3212553348248584,
        2.912831028546022e-07
      ],
      "nsamples": 244
    },
    "question-question": {
      "pearson": [
        0.11365970865110142,
        0.10129262741694249
      ],
      "spearman": [
        0.07447725140688084,
        0.28383821710612245
      ],
      "nsamples": 209
    },
    "all": {
      "pearson": {
        "mean": 0.2592607410658867,
        "wmean": 0.2616214429059031
      },
      "spearman": {
        "mean": 0.24944180636954272,
        "wmean": 0.25244082112108474
      }
    }
  },
  "MR": {
    "devacc": 64.2,
    "acc": 63.61,
    "ndev": 10662,
    "ntest": 10662
  },
  "CR": {
    "devacc": 69.56,
    "acc": 66.94,
    "ndev": 3775,
    "ntest": 3775
  },
  "SUBJ": {
    "devacc": 81.33,
    "acc": 80.48,
    "ndev": 10000,
    "ntest": 10000
  },
  "MPQA": {
    "devacc": 78.42,
    "acc": 77.58,
    "ndev": 10606,
    "ntest": 10606
  },
  "SST2": {
    "devacc": 66.4,
    "acc": 62.66,
    "ndev": 872,
    "ntest": 1821
  },
  "SST5": {
    "devacc": 30.25,
    "acc": 33.3,
    "ndev": 1101,
    "ntest": 2210
  },
  "TREC": {
    "devacc": 50.07,
    "acc": 56.2,
    "ndev": 5452,
    "ntest": 500
  },
  "MRPC": {
    "devacc": 66.95,
    "acc": 60.46,
    "f1": 71.75,
    "ndev": 4076,
    "ntest": 1725
  }
}