{
    "STS12": {
        "MSRpar": {
            "pearson": [
                0.07232757585956132,
                0.047696535966936786
            ],
            "spearman": [
                0.0838771137687486,
                0.02160238489756318
            ],
            "nsamples": 750
        },
        "MSRvid": {
            "pearson": [
                0.2097811880471422,
                6.624700822297805e-09
            ],
            "spearman": [
                0.206292127851732,
                1.1871846495333572e-08
            ],
            "nsamples": 750
        },
        "SMTeuroparl": {
            "pearson": [
                0.10337542620772097,
                0.026784652145411265
            ],
            "spearman": [
                0.10529380748685431,
                0.02407264574170963
            ],
            "nsamples": 459
        },
        "surprise.OnWN": {
            "pearson": [
                0.06849666464218687,
                0.06080207262093495
            ],
            "spearman": [
                0.11975981284735485,
                0.0010157743590629334
            ],
            "nsamples": 750
        },
        "surprise.SMTnews": {
            "pearson": [
                0.1597319397801898,
                0.0013685158972998785
            ],
            "spearman": [
                0.2720285203679083,
                3.367360411919885e-08
            ],
            "nsamples": 399
        },
        "all": {
            "pearson": {
                "mean": 0.12274255890736022,
                "wmean": 0.12037851866580032
            },
            "spearman": {
                "mean": 0.15745027646451965,
                "wmean": 0.1493938314395554
            }
        }
    },
    "STS13": {
        "FNWN": {
            "pearson": [
                0.11877900660838056,
                0.10355106708053079
            ],
            "spearman": [
                0.20569307159393413,
                0.0045187167566641834
            ],
            "nsamples": 189
        },
        "headlines": {
            "pearson": [
                0.3089260907112929,
                4.765214757564591e-18
            ],
            "spearman": [
                0.29015023644538807,
                5.15052336264215e-16
            ],
            "nsamples": 750
        },
        "OnWN": {
            "pearson": [
                0.04324137208053622,
                0.30659885742088105
            ],
            "spearman": [
                0.054355695984145774,
                0.19861153399594067
            ],
            "nsamples": 561
        },
        "all": {
            "pearson": {
                "mean": 0.15698215646673655,
                "wmean": 0.18560147334642296
            },
            "spearman": {
                "mean": 0.18339966800782267,
                "wmean": 0.19132147554160023
            }
        }
    },
    "STS14": {
        "deft-forum": {
            "pearson": [
                0.023149859137682204,
                0.6242878516131861
            ],
            "spearman": [
                0.008098456726397186,
                0.8639727824066546
            ],
            "nsamples": 450
        },
        "deft-news": {
            "pearson": [
                0.17425105581222386,
                0.002455912033152744
            ],
            "spearman": [
                0.1770654803321455,
                0.0020810073211876383
            ],
            "nsamples": 300
        },
        "headlines": {
            "pearson": [
                0.2797549561671995,
                5.9504484329078144e-15
            ],
            "spearman": [
                0.2329394870729586,
                1.0630030869960481e-10
            ],
            "nsamples": 750
        },
        "images": {
            "pearson": [
                0.2095320594643245,
                6.9087965279214035e-09
            ],
            "spearman": [
                0.17588796107308988,
                1.25538966274963e-06
            ],
            "nsamples": 750
        },
        "OnWN": {
            "pearson": [
                0.08575508977659232,
                0.018828411764251117
            ],
            "spearman": [
                0.07295541434599323,
                0.045793049745777796
            ],
            "nsamples": 750
        },
        "tweet-news": {
            "pearson": [
                0.21418694533229787,
                3.1256442764582724e-09
            ],
            "spearman": [
                0.2053449158599522,
                1.3884793212124211e-08
            ],
            "nsamples": 750
        },
        "all": {
            "pearson": {
                "mean": 0.16443832761505336,
                "wmean": 0.1745638777095826
            },
            "spearman": {
                "mean": 0.14538195256842276,
                "wmean": 0.1525626089041381
            }
        }
    },
    "STS15": {
        "answers-forums": {
            "pearson": [
                0.08149936377784607,
                0.11512227621837545
            ],
            "spearman": [
                0.08149998917869317,
                0.11511947871514575
            ],
            "nsamples": 375
        },
        "answers-students": {
            "pearson": [
                0.23721183002711183,
                4.7167468945817954e-11
            ],
            "spearman": [
                0.22867417661492817,
                2.3550563336288765e-10
            ],
            "nsamples": 750
        },
        "belief": {
            "pearson": [
                -0.06079854709891961,
                0.24018879058625617
            ],
            "spearman": [
                -0.04235253576767093,
                0.4134815201308484
            ],
            "nsamples": 375
        },
        "headlines": {
            "pearson": [
                0.325542516215057,
                5.645770204705707e-20
            ],
            "spearman": [
                0.3185580304563087,
                3.7686892893125287e-19
            ],
            "nsamples": 750
        },
        "images": {
            "pearson": [
                0.20548192864604403,
                1.3574388300306298e-08
            ],
            "spearman": [
                0.20329100309469023,
                1.945024630953384e-08
            ],
            "nsamples": 750
        },
        "all": {
            "pearson": {
                "mean": 0.15778741831342785,
                "wmean": 0.19464667080691903
            },
            "spearman": {
                "mean": 0.15793413271538986,
                "wmean": 0.19252423421785955
            }
        }
    },
    "STS16": {
        "answer-answer": {
            "pearson": [
                0.0612242232513983,
                0.33112382007524244
            ],
            "spearman": [
                0.055299034281323343,
                0.380135700432489
            ],
            "nsamples": 254
        },
        "headlines": {
            "pearson": [
                0.3708479510548875,
                1.5492605449328951e-09
            ],
            "spearman": [
                0.368046011637663,
                2.0981707464984905e-09
            ],
            "nsamples": 249
        },
        "plagiarism": {
            "pearson": [
                0.2873983838968401,
                9.482280597127393e-06
            ],
            "spearman": [
                0.2655820147286605,
                4.5170883579288345e-05
            ],
            "nsamples": 230
        },
        "postediting": {
            "pearson": [
                0.29122379410930355,
                3.721279129662712e-06
            ],
            "spearman": [
                0.38232917148093154,
                6.499808481941646e-10
            ],
            "nsamples": 244
        },