{
    "STS12": {
        "MSRpar": {
            "pearson": [
                0.1318046733953709,
                0.0002952861718037351
            ],
            "spearman": [
                0.20550972157085287,
                1.3512248925073809e-08
            ],
            "nsamples": 750
        },
        "MSRvid": {
            "pearson": [
                -0.06278027614613607,
                0.08577180359091932
            ],
            "spearman": [
                -0.053040382693932235,
                0.14673267225730366
            ],
            "nsamples": 750
        },
        "SMTeuroparl": {
            "pearson": [
                0.1733996170612801,
                0.00018909989283348772
            ],
            "spearman": [
                0.34991256430387846,
                1.1485162328433537e-14
            ],
            "nsamples": 459
        },
        "surprise.OnWN": {
            "pearson": [
                0.08050224891705039,
                0.027485931389654977
            ],
            "spearman": [
                0.12901059795169129,
                0.0003970758794223031
            ],
            "nsamples": 750
        },
        "surprise.SMTnews": {
            "pearson": [
                0.1452749522400476,
                0.0036351140241116147
            ],
            "spearman": [
                0.13164321903575676,
                0.008468707715911718
            ],
            "nsamples": 399
        },
        "all": {
            "pearson": {
                "mean": 0.09364024309352259,
                "wmean": 0.08034109227787017
            },
            "spearman": {
                "mean": 0.15260714403364944,
                "wmean": 0.13650111455347688
            }
        }
    },
    "STS13": {
        "FNWN": {
            "pearson": [
                0.06956336157418531,
                0.3415299712249487
            ],
            "spearman": [
                0.124035391813697,
                0.08904344681813474
            ],
            "nsamples": 189
        },
        "headlines": {
            "pearson": [
                0.2599859231733991,
                4.728957468597573e-13
            ],
            "spearman": [
                0.3003887090120107,
                4.181440839486694e-17
            ],
            "nsamples": 750
        },
        "OnWN": {
            "pearson": [
                0.19096381367775164,
                5.239639739387414e-06
            ],
            "spearman": [
                0.12891093819818752,
                0.0022187287177984462
            ],
            "nsamples": 561
        },
        "all": {
            "pearson": {
                "mean": 0.17350436614177867,
                "wmean": 0.210178411460526
            },
            "spearman": {
                "mean": 0.1844450130079651,
                "wmean": 0.2140355047606533
            }
        }
    },
    "STS14": {
        "deft-forum": {
            "pearson": [
                0.05441279710604433,
                0.24935688650646193
            ],
            "spearman": [
                0.03754220668974147,
                0.4269302842346415
            ],
            "nsamples": 450
        },
        "deft-news": {
            "pearson": [
                0.24110918927230499,
                2.430715391866449e-05
            ],
            "spearman": [
                0.2780448658995753,
                9.951959795092283e-07
            ],
            "nsamples": 300
        },
        "headlines": {
            "pearson": [
                0.17233858457124138,
                2.0607001182651944e-06
            ],
            "spearman": [
                0.2104777374856314,
                5.8892446732523755e-09
            ],
            "nsamples": 750
        },
        "images": {
            "pearson": [
                0.02567212146158403,
                0.48267727059913135
            ],
            "spearman": [
                0.04203455739586949,
                0.25024608019699673
            ],
            "nsamples": 750
        },
        "OnWN": {
            "pearson": [
                0.08008249258623096,
                0.028306342867062514
            ],
            "spearman": [
                0.15537206047075425,
                1.920638492811908e-05
            ],
            "nsamples": 750
        },
        "tweet-news": {
            "pearson": [
                0.31540267746965334,
                8.742007499330516e-19
            ],
            "spearman": [
                0.33129718554648907,
                1.1378988517801403e-20
            ],
            "nsamples": 750
        },
        "all": {
            "pearson": {
                "mean": 0.14816964374450983,
                "wmean": 0.14451744601225164
            },
            "spearman": {
                "mean": 0.17579476891467682,
                "wmean": 0.17458496225448386
            }
        }
    },
    "STS15": {
        "answers-forums": {
            "pearson": [
                0.056395504480663626,
                0.2760147953873093
            ],
            "spearman": [
                0.06996814579122822,
                0.17635565618061855
            ],
            "nsamples": 375
        },
        "answers-students": {
            "pearson": [
                0.3020663496694351,
                2.7442693482203734e-17
            ],
            "spearman": [
                0.29696969438562637,
                9.781089907591853e-17
            ],
            "nsamples": 750
        },
        "belief": {
            "pearson": [
                0.03992966993469999,
                0.4407301469573937
            ],
            "spearman": [
                0.049069899995859784,
                0.3433162294225496
            ],
            "nsamples": 375
        },
        "headlines": {
            "pearson": [
                0.30895734838358047,
                4.7268481877622836e-18
            ],
            "spearman": [
                0.35088800808275467,
                3.756842444568187e-23
            ],
            "nsamples": 750
        },
        "images": {
            "pearson": [
                -0.0036048308253218302,
                0.9214892071559687
            ],
            "spearman": [
                0.023277096662882038,
                0.5244554543260865
            ],
            "nsamples": 750
        },
        "all": {
            "pearson": {
                "mean": 0.14074880832861147,
                "wmean": 0.16389536360884388
            },
            "spearman": {
                "mean": 0.15803456898367021,
                "wmean": 0.18266345550620175
            }
        }
    },
    "STS16": {
        "answer-answer": {
            "pearson": [
                -0.20457407307846423,
                0.0010416090008074305
            ],
            "spearman": [
                -0.18825993953769157,
                0.0025905989592730837
            ],
            "nsamples": 254
        },
        "headlines": {
            "pearson": [
                0.30623484130330547,
                8.355801696808728e-07
            ],
            "spearman": [
                0.449464777198353,
                8.748358460051597e-14
            ],
            "nsamples": 249
        },
        "plagiarism": {
            "pearson": [
                0.3427697344243165,
                9.689138508038668e-08
            ],
            "spearman": [
                0.43840255141048634,
                3.2051823420271127e-12
            ],
            "nsamples": 230
        },
        "postediting": {
            "pearson": [
                0.3062036561544909,
                1.0819101291205378e-06
            ],
            "spearman": [
                0.42272947882102135,
                5.375246764575044e-12
            ],
            "nsamples": 244
        },