{
    "STS12": {
        "MSRpar": {
            "pearson": [
                0.16448448067809807,
                5.955743101200163e-06
            ],
            "spearman": [
                0.20693919196040547,
                1.066265276009065e-08
            ],
            "nsamples": 750
        },
        "MSRvid": {
            "pearson": [
                0.15218621849813643,
                2.848633428228287e-05
            ],
            "spearman": [
                0.18270150603892532,
                4.714020137230397e-07
            ],
            "nsamples": 750
        },
        "SMTeuroparl": {
            "pearson": [
                0.33392264902598795,
                2.0351619301946717e-13
            ],
            "spearman": [
                0.41131691027192874,
                3.632320306263092e-20
            ],
            "nsamples": 459
        },
        "surprise.OnWN": {
            "pearson": [
                0.14668529170687186,
                5.5240176605160996e-05
            ],
            "spearman": [
                0.14918501465606065,
                4.100190946423287e-05
            ],
            "nsamples": 750
        },
        "surprise.SMTnews": {
            "pearson": [
                0.19869193608449884,
                6.433170880296579e-05
            ],
            "spearman": [
                0.26980368053278203,
                4.3933717284259956e-08
            ],
            "nsamples": 399
        },
        "all": {
            "pearson": {
                "mean": 0.1991941151987186,
                "wmean": 0.18663628428667095
            },
            "spearman": {
                "mean": 0.24398926069202043,
                "wmean": 0.22540714763157624
            }
        }
    },
    "STS13": {
        "FNWN": {
            "pearson": [
                0.14149049390393698,
                0.05213105681610678
            ],
            "spearman": [
                0.15718045384920143,
                0.030773972829498057
            ],
            "nsamples": 189
        },
        "headlines": {
            "pearson": [
                0.24836622282800838,
                5.243400794262676e-12
            ],
            "spearman": [
                0.2722842002018964,
                3.243763575908431e-14
            ],
            "nsamples": 750
        },
        "OnWN": {
            "pearson": [
                0.031835608436688846,
                0.4517208179204711
            ],
            "spearman": [
                0.043026863100480935,
                0.3090068323683643
            ],
            "nsamples": 561
        },
        "all": {
            "pearson": {
                "mean": 0.14056410838954472,
                "wmean": 0.15391743120122187
            },
            "spearman": {
                "mean": 0.1574971723838596,
                "wmean": 0.17203888408552745
            }
        }
    },
    "STS14": {
        "deft-forum": {
            "pearson": [
                0.0798862976011296,
                0.09052458705512649
            ],
            "spearman": [
                0.16489096095693614,
                0.00044440215672726506
            ],
            "nsamples": 450
        },
        "deft-news": {
            "pearson": [
                0.09544356676165348,
                0.09894323924635359
            ],
            "spearman": [
                0.21434358366978404,
                0.0001835760411592249
            ],
            "nsamples": 300
        },
        "headlines": {
            "pearson": [
                0.3051729000485718,
                1.2490652208615986e-17
            ],
            "spearman": [
                0.32376611938199035,
                9.193118461219878e-20
            ],
            "nsamples": 750
        },
        "images": {
            "pearson": [
                0.09958213402638229,
                0.006344827931509808
            ],
            "spearman": [
                0.10989928659721852,
                0.002579729069302748
            ],
            "nsamples": 750
        },
        "OnWN": {
            "pearson": [
                0.2385988688471077,
                3.610697737132218e-11
            ],
            "spearman": [
                0.24809652504791996,
                5.536590579977163e-12
            ],
            "nsamples": 750
        },
        "tweet-news": {
            "pearson": [
                0.2849586721003352,
                1.770653246662402e-15
            ],
            "spearman": [
                0.3158961838898218,
                7.669121793542238e-19
            ],
            "nsamples": 750
        },
        "all": {
            "pearson": {
                "mean": 0.18394040656419666,
                "wmean": 0.20288435605754723
            },
            "spearman": {
                "mean": 0.22948210992394513,
                "wmean": 0.2364660249918052
            }
        }
    },
    "STS15": {
        "answers-forums": {
            "pearson": [
                0.26787922340972065,
                1.3889541818251438e-07
            ],
            "spearman": [
                0.3123242562265917,
                6.277694315899418e-10
            ],
            "nsamples": 375
        },
        "answers-students": {
            "pearson": [
                0.2580373526540749,
                7.13933002528985e-13
            ],
            "spearman": [
                0.2663287073208404,
                1.2080650127009897e-13
            ],
            "nsamples": 750
        },
        "belief": {
            "pearson": [
                0.129140037001885,
                0.012317119913482548
            ],
            "spearman": [
                0.18968497221630973,
                0.0002202619098085658
            ],
            "nsamples": 375
        },
        "headlines": {
            "pearson": [
                0.3598495892079956,
                2.398719251224181e-24
            ],
            "spearman": [
                0.3983310368860683,
                6.301828743623537e-30
            ],
            "nsamples": 750
        },
        "images": {
            "pearson": [
                0.1375298618246286,
                0.00015803263516543864
            ],
            "spearman": [
                0.1856165574247418,
                3.0652262996240887e-07
            ],
            "nsamples": 750
        },
        "all": {
            "pearson": {
                "mean": 0.23048721281966097,
                "wmean": 0.2384816084731255
            },
            "spearman": {
                "mean": 0.2704571060149104,
                "wmean": 0.2753202289632753
            }
        }
    },
    "STS16": {
        "answer-answer": {
            "pearson": [
                0.34926591660537193,
                1.0647535641161642e-08
            ],
            "spearman": [
                0.39237211527774846,
                8.906185144838863e-11
            ],
            "nsamples": 254
        },
        "headlines": {
            "pearson": [
                0.3995746500371098,
                5.821229900766276e-11
            ],
            "spearman": [
                0.4173801171877772,
                6.461859844836224e-12
            ],
            "nsamples": 249
        },
        "plagiarism": {
            "pearson": [
                0.3527084012541249,
                3.848990499246709e-08
            ],
            "spearman": [
                0.42592407131937243,
                1.4945720747010127e-11
            ],
            "nsamples": 230
        },
        "postediting": {
            "pearson": [
                0.5977612018362316,
                4.98203116703158e-25
            ],
            "spearman": [
                0.7150901956805054,
                1.6666931222959288e-39
            ],
            "nsamples": 244
        },