{
    "STS12": {
        "MSRpar": {
            "pearson": [
                0.39326588914736904,
                3.777217821603906e-29
            ],
            "spearman": [
                0.39622102977302304,
                1.3337598874452112e-29
            ],
            "nsamples": 750
        },
        "MSRvid": {
            "pearson": [
                0.20778382124948147,
                9.262759323362796e-09
            ],
            "spearman": [
                0.2114477375938137,
                4.995696322805447e-09
            ],
            "nsamples": 750
        },
        "SMTeuroparl": {
            "pearson": [
                0.4114119131018562,
                3.5542659771565574e-20
            ],
            "spearman": [
                0.5258274330995271,
                5.381714195895061e-34
            ],
            "nsamples": 459
        },
        "surprise.OnWN": {
            "pearson": [
                0.1757712744291508,
                1.2762140835497194e-06
            ],
            "spearman": [
                0.1957703113711816,
                6.486931053855111e-08
            ],
            "nsamples": 750
        },
        "surprise.SMTnews": {
            "pearson": [
                0.2552306977894761,
                2.365170634312332e-07
            ],
            "spearman": [
                0.3052101423741191,
                4.76578197316871e-10
            ],
            "nsamples": 399
        },
        "all": {
            "pearson": {
                "mean": 0.2886927191434667,
                "wmean": 0.28098161362652957
            },
            "spearman": {
                "mean": 0.3268953308423329,
                "wmean": 0.3107184516259557
            }
        }
    },
    "STS13": {
        "FNWN": {
            "pearson": [
                0.13644033667494979,
                0.061197595587881376
            ],
            "spearman": [
                0.13822247263657078,
                0.05786050740311521
            ],
            "nsamples": 189
        },
        "headlines": {
            "pearson": [
                0.4540106771137237,
                2.05460595708321e-39
            ],
            "spearman": [
                0.4579626299844738,
                3.714850875494605e-40
            ],
            "nsamples": 750
        },
        "OnWN": {
            "pearson": [
                0.3084321340638158,
                7.899386361229585e-14
            ],
            "spearman": [
                0.33579281529618654,
                2.978539367558355e-16
            ],
            "nsamples": 561
        },
        "all": {
            "pearson": {
                "mean": 0.29962771595082976,
                "wmean": 0.3595504391177727
            },
            "spearman": {
                "mean": 0.31065930597241037,
                "wmean": 0.3719838594652186
            }
        }
    },
    "STS14": {
        "deft-forum": {
            "pearson": [
                0.11950423828527443,
                0.011177027569935244
            ],
            "spearman": [
                0.2581541666300952,
                2.7683603223039102e-08
            ],
            "nsamples": 450
        },
        "deft-news": {
            "pearson": [
                0.4389377809502435,
                1.469260134018107e-15
            ],
            "spearman": [
                0.42133111210974683,
                2.4381492084247744e-14
            ],
            "nsamples": 300
        },
        "headlines": {
            "pearson": [
                0.4218691108468443,
                1.0099932955570848e-33
            ],
            "spearman": [
                0.40363852207677026,
                9.332190237824484e-31
            ],
            "nsamples": 750
        },
        "images": {
            "pearson": [
                0.33323659365000763,
                6.581311870476679e-21
            ],
            "spearman": [
                0.3410336189500328,
                6.999171154612274e-22
            ],
            "nsamples": 750
        },
        "OnWN": {
            "pearson": [
                0.3364105375047464,
                2.663635022891197e-21
            ],
            "spearman": [
                0.3400176980149281,
                9.406682746076754e-22
            ],
            "nsamples": 750
        },
        "tweet-news": {
            "pearson": [
                0.32870547228685154,
                2.3508563602598863e-20
            ],
            "spearman": [
                0.3210727833921815,
                1.913494107303236e-19
            ],
            "nsamples": 750
        },
        "all": {
            "pearson": {
                "mean": 0.3297772889206613,
                "wmean": 0.33349987392794234
            },
            "spearman": {
                "mean": 0.34754131686229245,
                "wmean": 0.3458375134511737
            }
        }
    },
    "STS15": {
        "answers-forums": {
            "pearson": [
                0.10583901253048959,
                0.04051317242444823
            ],
            "spearman": [
                0.10978708121273133,
                0.0335575461174808
            ],
            "nsamples": 375
        },
        "answers-students": {
            "pearson": [
                0.561775664376944,
                1.3240295675591255e-63
            ],
            "spearman": [
                0.5705233664828664,
                5.589505325141763e-66
            ],
            "nsamples": 750
        },
        "belief": {
            "pearson": [
                0.1873003897473756,
                0.0002650347601702934
            ],
            "spearman": [
                0.216984235302291,
                2.2506129411836595e-05
            ],
            "nsamples": 375
        },
        "headlines": {
            "pearson": [
                0.5028176919756399,
                2.6396951099839378e-49
            ],
            "spearman": [
                0.5074393314910595,
                2.5086845461005645e-50
            ],
            "nsamples": 750
        },
        "images": {
            "pearson": [
                0.39756883346085414,
                8.267211573842572e-30
            ],
            "spearman": [
                0.40324209294133845,
                1.0776046231139587e-30
            ],
            "nsamples": 750
        },
        "all": {
            "pearson": {
                "mean": 0.3510603184182607,
                "wmean": 0.40218297273809267
            },
            "spearman": {
                "mean": 0.3615952214860573,
                "wmean": 0.41114761229319385
            }
        }
    },
    "STS16": {
        "answer-answer": {
            "pearson": [
                0.23796474735658368,
                0.00012867791798003178
            ],
            "spearman": [
                0.24432053232827958,
                8.34005496153008e-05
            ],
            "nsamples": 254
        },
        "headlines": {
            "pearson": [
                0.5967928344669506,
                2.0425237253651086e-25
            ],
            "spearman": [
                0.6036181494078271,
                4.153520713031719e-26
            ],
            "nsamples": 249
        },
        "plagiarism": {
            "pearson": [
                0.5926905009726277,
                3.3160723500899874e-23
            ],
            "spearman": [
                0.6245774401576341,
                2.7780208465036844e-26
            ],
            "nsamples": 230
        },
        "postediting": {
            "pearson": [
                0.490678891884838,
                3.4578956419194727e-16
            ],
            "spearman": [
                0.5420826721062674,
                4.8708367278048264e-20
            ],
            "nsamples": 244
        },