{
    "STS12": {
        "MSRpar": {
            "pearson": [
                0.26182563416347765,
                3.1951959023074267e-13
            ],
            "spearman": [
                0.2661940825478718,
                1.2440425979429693e-13
            ],
            "nsamples": 750
        },
        "MSRvid": {
            "pearson": [
                0.33393556320261164,
                5.397520320437068e-21
            ],
            "spearman": [
                0.280309060329275,
                5.236270733782637e-15
            ],
            "nsamples": 750
        },
        "SMTeuroparl": {
            "pearson": [
                0.37232053734168247,
                1.5376042579147561e-16
            ],
            "spearman": [
                0.4304909975701744,
                3.9260266904359657e-22
            ],
            "nsamples": 459
        },
        "surprise.OnWN": {
            "pearson": [
                0.36374421672882196,
                7.058534835300598e-25
            ],
            "spearman": [
                0.3680698609768055,
                1.7783640177982798e-25
            ],
            "nsamples": 750
        },
        "surprise.SMTnews": {
            "pearson": [
                0.29058125266904544,
                3.3341093033735763e-09
            ],
            "spearman": [
                0.29324761525262183,
                2.357869207425973e-09
            ],
            "nsamples": 399
        },
        "all": {
            "pearson": {
                "mean": 0.32448144082112784,
                "wmean": 0.32383079376639795
            },
            "spearman": {
                "mean": 0.32766232333534967,
                "wmean": 0.32192114519336235
            }
        }
    },
    "STS13": {
        "FNWN": {
            "pearson": [
                0.1407833682303028,
                0.0533291422117604
            ],
            "spearman": [
                0.09021857274852364,
                0.21698257449519548
            ],
            "nsamples": 189
        },
        "headlines": {
            "pearson": [
                0.33944087723962846,
                1.1120454933211342e-21
            ],
            "spearman": [
                0.3294524151399902,
                1.9086062022590936e-20
            ],
            "nsamples": 750
        },
        "OnWN": {
            "pearson": [
                0.32741484904377866,
                1.7476112761978231e-15
            ],
            "spearman": [
                0.28602189639412523,
                5.0488498211174256e-12
            ],
            "nsamples": 561
        },
        "all": {
            "pearson": {
                "mean": 0.26921303150457,
                "wmean": 0.3099122965592056
            },
            "spearman": {
                "mean": 0.23523096142754638,
                "wmean": 0.2830659369877119
            }
        }
    },
    "STS14": {
        "deft-forum": {
            "pearson": [
                0.22721036298726388,
                1.1143112801975574e-06
            ],
            "spearman": [
                0.24729181391389427,
                1.0723441310006917e-07
            ],
            "nsamples": 450
        },
        "deft-news": {
            "pearson": [
                0.285071769377892,
                5.125511934817464e-07
            ],
            "spearman": [
                0.26901440582968317,
                2.2735981699565494e-06
            ],
            "nsamples": 300
        },
        "headlines": {
            "pearson": [
                0.2881134048210569,
                8.386514216531109e-16
            ],
            "spearman": [
                0.2674376036090827,
                9.480619442529142e-14
            ],
            "nsamples": 750
        },
        "images": {
            "pearson": [
                0.29531234150528635,
                1.4706743837938381e-16
            ],
            "spearman": [
                0.25439522565975564,
                1.5277212681901795e-12
            ],
            "nsamples": 750
        },
        "OnWN": {
            "pearson": [
                0.3484972409011742,
                7.711811546570938e-23
            ],
            "spearman": [
                0.3125428841360992,
                1.858014532152013e-18
            ],
            "nsamples": 750
        },
        "tweet-news": {
            "pearson": [
                0.2645986422787425,
                1.7592508289974178e-13
            ],
            "spearman": [
                0.22923443975502475,
                2.123300942803711e-10
            ],
            "nsamples": 750
        },
        "all": {
            "pearson": {
                "mean": 0.2848006269785693,
                "wmean": 0.28937531100995506
            },
            "spearman": {
                "mean": 0.2633193954839233,
                "wmean": 0.2639182007680344
            }
        }
    },
    "STS15": {
        "answers-forums": {
            "pearson": [
                0.17999946218297413,
                0.0004605874289114556
            ],
            "spearman": [
                0.1481111861340919,
                0.004047250046207303
            ],
            "nsamples": 375
        },
        "answers-students": {
            "pearson": [
                0.3420552995921806,
                5.19336819100808e-22
            ],
            "spearman": [
                0.3107692323779823,
                2.953540760571238e-18
            ],
            "nsamples": 750
        },
        "belief": {
            "pearson": [
                0.37891309751010865,
                3.000192117846905e-14
            ],
            "spearman": [
                0.28355830610972205,
                2.298925864987051e-08
            ],
            "nsamples": 375
        },
        "headlines": {
            "pearson": [
                0.3587482244093325,
                3.3797914246084605e-24
            ],
            "spearman": [
                0.34620783218055334,
                1.526642501696888e-22
            ],
            "nsamples": 750
        },
        "images": {
            "pearson": [
                0.4035239195912896,
                9.728663924054134e-31
            ],
            "spearman": [
                0.34396144931300904,
                2.9673532159283234e-22
            ],
            "nsamples": 750
        },
        "all": {
            "pearson": {
                "mean": 0.33264800065717715,
                "wmean": 0.3459459308598361
            },
            "spearman": {
                "mean": 0.2865216012230717,
                "wmean": 0.3041933149983629
            }
        }
    },
    "STS16": {
        "answer-answer": {
            "pearson": [
                0.34450544851134296,
                1.7310699831509194e-08
            ],
            "spearman": [
                0.3441010525635421,
                1.8033600070493797e-08
            ],
            "nsamples": 254
        },
        "headlines": {
            "pearson": [
                0.2609847596842194,
                3.045385831678336e-05
            ],
            "spearman": [
                0.25220973616382375,
                5.6966379686137704e-05
            ],
            "nsamples": 249
        },
        "plagiarism": {
            "pearson": [
                0.42401336705206394,
                1.8815126024344255e-11
            ],
            "spearman": [
                0.41798761645712756,
                3.852644283696896e-11
            ],
            "nsamples": 230
        },
        "postediting": {
            "pearson": [
                0.48586773708070585,
                7.364445127059857e-16
            ],
            "spearman": [
                0.48078110759543696,
                1.6169898471382894e-15
            ],
            "nsamples": 244
        },